ANA Hotel Matsuyama,790-8520,Ehime Prefecture,3-2-1 Ichiban-cho Matsuyama,330,$,http://www.tripadvisor.com/Hotel_Review-g298230-d300484-Reviews-ANA_Hotel_Matsuyama-Matsuyama_Ehime_Prefecture_Shikoku.html
Hotel JAL City Matsuyama,790-0067,Ehime Prefecture,1-10-10 Otemachi Matsuyama,161,$,http://www.tripadvisor.com/Hotel_Review-g298230-d307681-Reviews-Hotel_JAL_City_Matsuyama-Matsuyama_Ehime_Prefecture_Shikoku.html
Hotel Patio Dogo,790-0842,Ehime Prefecture,20-12 Yuno-machi Matsuyama,101,$,http://www.tripadvisor.com/Hotel_Review-g298230-d320880-Reviews-Hotel_Patio_Dogo-Matsuyama_Ehime_Prefecture_Shikoku.html
International Hotel Matsuyama,790-0001,Ehime Prefecture,1-13 Ichiban-cho Matsuyama,,$,http://www.tripadvisor.com/Hotel_Review-g298230-d320881-Reviews-International_Hotel_Matsuyama-Matsuyama_Ehime_Prefecture_Shikoku.html
Minshuku Miyoshi,790-0852,Ehime Prefecture,3-7-23 Ishite Matsuyama,,$,http://www.tripadvisor.com/Hotel_Review-g298230-d320882-Reviews-Minshuku_Miyoshi-Matsuyama_Ehime_Prefecture_Shikoku.html
Umenoya,790-0853　,Ehime Prefecture,2-8-9 Kami-ichi Matsuyama,,$$,http://www.tripadvisor.com/Hotel_Review-g298230-d320883-Reviews-Umenoya-Matsuyama_Ehime_Prefecture_Shikoku.html
Yamatoya Besso,790-0836,Ehime Prefecture,2-27 Dogo Sagidani-cho Matsuyama,,$$$,http://www.tripadvisor.com/Hotel_Review-g298230-d320884-Reviews-Yamatoya_Besso-Matsuyama_Ehime_Prefecture_Shikoku.html
Matsuyama Tokyu Inn,790-0001,Ehime Prefecture,3-3-1 Ichibancho Matsuyama,245,$,http://www.tripadvisor.com/Hotel_Review-g298230-d505512-Reviews-Matsuyama_Tokyu_Inn-Matsuyama_Ehime_Prefecture_Shikoku.html
Matsuyama Youth Hostel,790-0858,Ehime Prefecture,22-3 Himezuka Otsu Matsuyama,23,$,http://www.tripadvisor.com/Hotel_Review-g298230-d523978-Reviews-Matsuyama_Youth_Hostel-Matsuyama_Ehime_Prefecture_Shikoku.html
Toyoko Inn Matsuyama Ichiban-cho,790-0001 ,Ehime Prefecture,"1-10-8, Ichi-banchou Matsuyama",216,$,http://www.tripadvisor.com/Hotel_Review-g298230-d679741-Reviews-Toyoko_Inn_Matsuyama_Ichiban_cho-Matsuyama_Ehime_Prefecture_Shikoku.html
Business Hotel Katsuyama,790-0878,Ehime Prefecture,1-11-1 Katsuyamacho Matsuyama,,$,http://www.tripadvisor.com/Hotel_Review-g298230-d1071398-Reviews-Business_Hotel_Katsuyama-Matsuyama_Ehime_Prefecture_Shikoku.html
Business Hotel Clark,790-0011,Ehime Prefecture,8 Chome 132 Banchi1 Chifunemachi Matsuyama,,$,http://www.tripadvisor.com/Hotel_Review-g298230-d1071403-Reviews-Business_Hotel_Clark-Matsuyama_Ehime_Prefecture_Shikoku.html
Business Hotel Mimachi,790-0066,Ehime Prefecture,9-6 Miyatamachi Matsuyama,,$,http://www.tripadvisor.com/Hotel_Review-g298230-d1071404-Reviews-Business_Hotel_Mimachi-Matsuyama_Ehime_Prefecture_Shikoku.html
Business Hotel Sun Garden Matsuyama,790-0807,Ehime Prefecture,3-2-10 Heiwadori Matsuyama,,$,http://www.tripadvisor.com/Hotel_Review-g298230-d1071410-Reviews-Business_Hotel_Sun_Garden_Matsuyama-Matsuyama_Ehime_Prefecture_Shikoku.html
Dogo Grand Hotel,790-0842,Ehime Prefecture,16-21 Dogoyunomachi Matsuyama,,$,http://www.tripadvisor.com/Hotel_Review-g298230-d1071415-Reviews-Dogo_Grand_Hotel-Matsuyama_Ehime_Prefecture_Shikoku.html
Kanponoyado Dogo,791-0101,Ehime Prefecture,3-1 Mizonobemachi Matsuyama,,$,http://www.tripadvisor.com/Hotel_Review-g298230-d1071424-Reviews-Kanponoyado_Dogo-Matsuyama_Ehime_Prefecture_Shikoku.html
Dogokan,790-0841,Ehime Prefecture,7-26 Dogotakocho Matsuyama,90,$$,http://www.tripadvisor.com/Hotel_Review-g298230-d1071426-Reviews-Dogokan-Matsuyama_Ehime_Prefecture_Shikoku.html
Dogo Prince Hotel,790-0858,Ehime Prefecture,100 Dogohimezuka Matsuyama,127,$,http://www.tripadvisor.com/Hotel_Review-g298230-d1071429-Reviews-Dogo_Prince_Hotel-Matsuyama_Ehime_Prefecture_Shikoku.html
Funaya,790-0842,Ehime Prefecture,1-33 Dogoyunomachi Matsuyama,58,$$,http://www.tripadvisor.com/Hotel_Review-g298230-d1071432-Reviews-Funaya-Matsuyama_Ehime_Prefecture_Shikoku.html
Chaharu,790-0837,Ehime Prefecture,4-4 Dogo Yuzukicho Matsuyama,73,$,http://www.tripadvisor.com/Hotel_Review-g298230-d1082433-Reviews-Chaharu-Matsuyama_Ehime_Prefecture_Shikoku.html
Hotel Kowakuen,790-0836,Ehime Prefecture,1-1 Dogo Sagidanicho Matsuyama,84,$,http://www.tripadvisor.com/Hotel_Review-g298230-d1082444-Reviews-Hotel_Kowakuen-Matsuyama_Ehime_Prefecture_Shikoku.html
Hotel Nakatsuya,790-0013,Ehime Prefecture,6-7 Kawaramachi Matsuyama,,,http://www.tripadvisor.com/Hotel_Review-g298230-d1082450-Reviews-Hotel_Nakatsuya-Matsuyama_Ehime_Prefecture_Shikoku.html
Hotel No1 Matsuyama,790-0011,Ehime Prefecture,2-7-3 Chifunemachi Matsuyama,315,$,http://www.tripadvisor.com/Hotel_Review-g298230-d1082461-Reviews-Hotel_No1_Matsuyama-Matsuyama_Ehime_Prefecture_Shikoku.html
Hotel New Kajiwara,790-0067,Ehime Prefecture,2-9-10 Otemachi Matsuyama,79,$,http://www.tripadvisor.com/Hotel_Review-g298230-d1082463-Reviews-Hotel_New_Kajiwara-Matsuyama_Ehime_Prefecture_Shikoku.html
Hotel Okudogo,791-0122,Ehime Prefecture,267 Suemachi Matsuyama,303,$,http://www.tripadvisor.com/Hotel_Review-g298230-d1082466-Reviews-Hotel_Okudogo-Matsuyama_Ehime_Prefecture_Shikoku.html
Hotel Luna Park,790-0836,Ehime Prefecture,5-19 Dogo Sagidanicho Matsuyama,,$$,http://www.tripadvisor.com/Hotel_Review-g298230-d1082483-Reviews-Hotel_Luna_Park-Matsuyama_Ehime_Prefecture_Shikoku.html
Hotel Sunroute Matsuyama,790-0066,Ehime Prefecture,391-8 Miyatamachi Matsuyama,110,$,http://www.tripadvisor.com/Hotel_Review-g298230-d1082485-Reviews-Hotel_Sunroute_Matsuyama-Matsuyama_Ehime_Prefecture_Shikoku.html
Hotel Yachiyo,790-0841,Ehime Prefecture,6-34 Dogo Takocho Matsuyama,59,$,http://www.tripadvisor.com/Hotel_Review-g298230-d1082486-Reviews-Hotel_Yachiyo-Matsuyama_Ehime_Prefecture_Shikoku.html
APA Hotel Matsuyamajyo-Nishi,790-0811,Ehime Prefecture,2-5-5 Honmachi Matsuyama,138,$,http://www.tripadvisor.com/Hotel_Review-g298230-d1082489-Reviews-APA_Hotel_Matsuyamajyo_Nishi-Matsuyama_Ehime_Prefecture_Shikoku.html
Matsuyama City Hotel,790-0066,Ehime Prefecture,1-3 Miyatamachi Matsuyama,,$,http://www.tripadvisor.com/Hotel_Review-g298230-d1082491-Reviews-Matsuyama_City_Hotel-Matsuyama_Ehime_Prefecture_Shikoku.html
KKR Dogoyuduki,790-0854,Ehime Prefecture,1-7-37 Iwasakimachi Matsuyama,,$$,http://www.tripadvisor.com/Hotel_Review-g298230-d1082495-Reviews-KKR_Dogoyuduki-Matsuyama_Ehime_Prefecture_Shikoku.html
Sky Hotel,790-0003,Ehime Prefecture,8-9-1 Sanbancho Matsuyama,,$,http://www.tripadvisor.com/Hotel_Review-g298230-d1082571-Reviews-Sky_Hotel-Matsuyama_Ehime_Prefecture_Shikoku.html
Takaraso Hotel,790-0836,Ehime Prefecture,2-20 Dogosagidanicho Matsuyama,79,$,http://www.tripadvisor.com/Hotel_Review-g298230-d1082572-Reviews-Takaraso_Hotel-Matsuyama_Ehime_Prefecture_Shikoku.html
Tokyo Daiichi Hotel Matsuyama,790-0006,Ehime Prefecture,6-16 Minami Horibatacho Matsuyama,122,$,http://www.tripadvisor.com/Hotel_Review-g298230-d1082573-Reviews-Tokyo_Daiichi_Hotel_Matsuyama-Matsuyama_Ehime_Prefecture_Shikoku.html
Umibenoyado Mermaid,799-2651,Ehime Prefecture,849-3 Horie-cho Matsuyama,,$,http://www.tripadvisor.com/Hotel_Review-g298230-d1082574-Reviews-Umibenoyado_Mermaid-Matsuyama_Ehime_Prefecture_Shikoku.html
Dogoonsen Yamatoya Honten,790-0842,Ehime Prefecture,20-8 Dogoyunomachi Matsuyama,89,$,http://www.tripadvisor.com/Hotel_Review-g298230-d1082575-Reviews-Dogoonsen_Yamatoya_Honten-Matsuyama_Ehime_Prefecture_Shikoku.html
Matsuyama Washington Hotel Plaza,790-0002,Ehime Prefecture,1-7-1 Nibancho Matsuyama,190,$,http://www.tripadvisor.com/Hotel_Review-g298230-d1082576-Reviews-Matsuyama_Washington_Hotel_Plaza-Matsuyama_Ehime_Prefecture_Shikoku.html
Minshuku Matsuyama,791-8014,Ehime Prefecture,414 Yamagoemachi Matsuyama,,$,http://www.tripadvisor.com/Hotel_Review-g298230-d1082977-Reviews-Minshuku_Matsuyama-Matsuyama_Ehime_Prefecture_Shikoku.html
Hotel Matsuyama Hills,790-0067,Ehime Prefecture,2-5-17 Otemachi Matsuyama,,$,http://www.tripadvisor.com/Hotel_Review-g298230-d1082986-Reviews-Hotel_Matsuyama_Hills-Matsuyama_Ehime_Prefecture_Shikoku.html
Angkasa Hotel & Oriental Villa,791-0112,Ehime Prefecture,129-5 Shimo Idaimachi Matsuyama,31,,http://www.tripadvisor.com/Hotel_Review-g298230-d1082990-Reviews-Angkasa_Hotel_Oriental_Villa-Matsuyama_Ehime_Prefecture_Shikoku.html
Tsukasa View Hotel,790-0858,Ehime Prefecture,112 Dogohimezuka Matsuyama,,,http://www.tripadvisor.com/Hotel_Review-g298230-d1093331-Reviews-Tsukasa_View_Hotel-Matsuyama_Ehime_Prefecture_Shikoku.html
Katsuragi,790-0837,Ehime Prefecture,4-16 Dogoyuzukicho Matsuyama,,$,http://www.tripadvisor.com/Hotel_Review-g298230-d1093335-Reviews-Katsuragi-Matsuyama_Ehime_Prefecture_Shikoku.html
Hotel Tsubakikan,790-0836,Ehime Prefecture,5-32 Dogoyunomachi Matsuyama,100,$$,http://www.tripadvisor.com/Hotel_Review-g298230-d1093339-Reviews-Hotel_Tsubakikan-Matsuyama_Ehime_Prefecture_Shikoku.html
Hotel Crown Hills Matsuyama,790-0065,Ehime Prefecture,1-3-40 Miyanishi Matsuyama,,$,http://www.tripadvisor.com/Hotel_Review-g298230-d1093344-Reviews-Hotel_Crown_Hills_Matsuyama-Matsuyama_Ehime_Prefecture_Shikoku.html
Hanayuzuki,790-0837,Ehime Prefecture,4-16 Dogoyuzukicho Matsuyama,43,$$,http://www.tripadvisor.com/Hotel_Review-g298230-d1093349-Reviews-Hanayuzuki-Matsuyama_Ehime_Prefecture_Shikoku.html
Terminal Hotel Matsuyama,790-0066,Ehime Prefecture,9-1 Miyatamachi Matsuyama,,$,http://www.tripadvisor.com/Hotel_Review-g298230-d1093437-Reviews-Terminal_Hotel_Matsuyama-Matsuyama_Ehime_Prefecture_Shikoku.html
Nigitatsu Kaikan,790-0858,Ehime Prefecture,118-2 Dogohimezuka Matsuyama,,$,http://www.tripadvisor.com/Hotel_Review-g298230-d1093441-Reviews-Nigitatsu_Kaikan-Matsuyama_Ehime_Prefecture_Shikoku.html
Auberge Dogo,790-0842,Ehime Prefecture,1-26 Dogoyunomachi Matsuyama,18,$,http://www.tripadvisor.com/Hotel_Review-g298230-d1093449-Reviews-Auberge_Dogo-Matsuyama_Ehime_Prefecture_Shikoku.html
Tsubakikan Annex,790-0836,Ehime Prefecture,3-1 Dogosagidanicho Matsuyama,,$$,http://www.tripadvisor.com/Hotel_Review-g298230-d1093454-Reviews-Tsubakikan_Annex-Matsuyama_Ehime_Prefecture_Shikoku.html
Hojo Suigun Youth Hostel,799-2430,Ehime Prefecture,1527 Hojotsuji Matsuyama,,$,http://www.tripadvisor.com/Hotel_Review-g298230-d1093460-Reviews-Hojo_Suigun_Youth_Hostel-Matsuyama_Ehime_Prefecture_Shikoku.html
Hotel Azalea Matsuyama,790-0878,Ehime Prefecture,1-16-5 Katsuyamacho Matsuyama,,$,http://www.tripadvisor.com/Hotel_Review-g298230-d1093515-Reviews-Hotel_Azalea_Matsuyama-Matsuyama_Ehime_Prefecture_Shikoku.html
Sugino,790-0843,Ehime Prefecture,2-1-8 Dogomachi Matsuyama,,,http://www.tripadvisor.com/Hotel_Review-g298230-d1093522-Reviews-Sugino-Matsuyama_Ehime_Prefecture_Shikoku.html
Premier Inn,790-0878,Ehime Prefecture,1-18-1 Katsuyamacho Matsuyama,,$,http://www.tripadvisor.com/Hotel_Review-g298230-d1093530-Reviews-Premier_Inn-Matsuyama_Ehime_Prefecture_Shikoku.html
Hotel Taihei Bekkan,790-0807,Ehime Prefecture,3-1-34 Heiwadori Matsuyama,103,$,http://www.tripadvisor.com/Hotel_Review-g298230-d1093535-Reviews-Hotel_Taihei_Bekkan-Matsuyama_Ehime_Prefecture_Shikoku.html
Hotel Taihei,790-0807,Ehime Prefecture,3-1-15 Heiwadori Matsuyama,145,$,http://www.tripadvisor.com/Hotel_Review-g298230-d1093551-Reviews-Hotel_Taihei-Matsuyama_Ehime_Prefecture_Shikoku.html
Top Inn,790-0001,Ehime Prefecture,1-5-15 Ichibancho Matsuyama,,$,http://www.tripadvisor.com/Hotel_Review-g298230-d1093556-Reviews-Top_Inn-Matsuyama_Ehime_Prefecture_Shikoku.html
Matsuyama New Grand Hotel,790-0002,Ehime Prefecture,3-4-10 Nibancho Matsuyama,148,$,http://www.tripadvisor.com/Hotel_Review-g298230-d1093567-Reviews-Matsuyama_New_Grand_Hotel-Matsuyama_Ehime_Prefecture_Shikoku.html
Hotel Matsuyama Hills Katsuyamahigashi,790-0863,Ehime Prefecture,7-14 Konohanamachi Matsuyama,,$,http://www.tripadvisor.com/Hotel_Review-g298230-d1093578-Reviews-Hotel_Matsuyama_Hills_Katsuyamahigashi-Matsuyama_Ehime_Prefecture_Shikoku.html
Hotel Nakagawa,790-0842,Ehime Prefecture,4-53 Dogoyuno-machi Matsuyama,,$,http://www.tripadvisor.com/Hotel_Review-g298230-d1093584-Reviews-Hotel_Nakagawa-Matsuyama_Ehime_Prefecture_Shikoku.html
Mielparque,790-0858,Ehime Prefecture,123-2 Dogohimezuka Matsuyama,54,$,http://www.tripadvisor.com/Hotel_Review-g298230-d1105020-Reviews-Mielparque-Matsuyama_Ehime_Prefecture_Shikoku.html
Hotel Abisu Matsuyama,790-0001,Ehime Prefecture,4-1-8 Ichibancho Matsuyama,120,$,http://www.tripadvisor.com/Hotel_Review-g298230-d1105039-Reviews-Hotel_Abisu_Matsuyama-Matsuyama_Ehime_Prefecture_Shikoku.html
Capsule Hotel New Grand,790-0012,Ehime Prefecture,5-4-12 Minatomachi Matsuyama,,$,http://www.tripadvisor.com/Hotel_Review-g298230-d1105071-Reviews-Capsule_Hotel_New_Grand-Matsuyama_Ehime_Prefecture_Shikoku.html
Hotel Tamagikusou,790-0842,Ehime Prefecture,4-47 Dogoyunomachi Matsuyama,15,$,http://www.tripadvisor.com/Hotel_Review-g298230-d1105091-Reviews-Hotel_Tamagikusou-Matsuyama_Ehime_Prefecture_Shikoku.html
Hotel Tountei,790-0842,Ehime Prefecture,13-26 Dogoyunomachi Matsuyama,,$$,http://www.tripadvisor.com/Hotel_Review-g298230-d1105123-Reviews-Hotel_Tountei-Matsuyama_Ehime_Prefecture_Shikoku.html
Gongen Sansou,799-2653,Ehime Prefecture,820 Gongen-cho Matsuyama,,$,http://www.tripadvisor.com/Hotel_Review-g298230-d1105134-Reviews-Gongen_Sansou-Matsuyama_Ehime_Prefecture_Shikoku.html
Abis Inn,790-0878,Ehime Prefecture,2-3-3 Katsuyamacho Matsuyama,107,$,http://www.tripadvisor.com/Hotel_Review-g298230-d1105144-Reviews-Abis_Inn-Matsuyama_Ehime_Prefecture_Shikoku.html
Business Hotel Gondora,790-0002,Ehime Prefecture,3-7-12 Nibancho Matsuyama,,,http://www.tripadvisor.com/Hotel_Review-g298230-d1105152-Reviews-Business_Hotel_Gondora-Matsuyama_Ehime_Prefecture_Shikoku.html
Central Hotel,790-0067,Ehime Prefecture,2-3-4 Otemachi Matsuyama,,,http://www.tripadvisor.com/Hotel_Review-g298230-d1105171-Reviews-Central_Hotel-Matsuyama_Ehime_Prefecture_Shikoku.html
Check In Matsuyama,790-0003,Ehime Prefecture,2-7-3 Sanbancho Matsuyama,,$,http://www.tripadvisor.com/Hotel_Review-g298230-d1105176-Reviews-Check_In_Matsuyama-Matsuyama_Ehime_Prefecture_Shikoku.html
Business Hotel Suehiro,790-0023,Ehime Prefecture,17-5 Suehiromachi Matsuyama,,$,http://www.tripadvisor.com/Hotel_Review-g298230-d1105191-Reviews-Business_Hotel_Suehiro-Matsuyama_Ehime_Prefecture_Shikoku.html
Hotel Mitarai,790-0837,Ehime Prefecture,3-13 Dogoyuzukicho Matsuyama,,$,http://www.tripadvisor.com/Hotel_Review-g298230-d1105200-Reviews-Hotel_Mitarai-Matsuyama_Ehime_Prefecture_Shikoku.html
Hotel Villa Dougo,790-0842,Ehime Prefecture,4-55 Dogoyunomachi Matsuyama,9,$,http://www.tripadvisor.com/Hotel_Review-g298230-d1105203-Reviews-Hotel_Villa_Dougo-Matsuyama_Ehime_Prefecture_Shikoku.html
Super Hotel Matsuyama,790-0863,Ehime Prefecture,5-31 Konohanamachi Matsuyama,,$,http://www.tripadvisor.com/Hotel_Review-g298230-d1105487-Reviews-Super_Hotel_Matsuyama-Matsuyama_Ehime_Prefecture_Shikoku.html
Taniya,790-0842,Ehime Prefecture,2-4 Dogoyunomachi Matsuyama,,$$$,http://www.tripadvisor.com/Hotel_Review-g298230-d1105488-Reviews-Taniya-Matsuyama_Ehime_Prefecture_Shikoku.html
Business Ryokan Otaya,799-2431,Ehime Prefecture,774 Hojo Matsuyama,,,http://www.tripadvisor.com/Hotel_Review-g298230-d1105504-Reviews-Business_Ryokan_Otaya-Matsuyama_Ehime_Prefecture_Shikoku.html
Hotel Hanaya,790-0842,Ehime Prefecture,1-16 Dogoyunomachi Matsuyama,,,http://www.tripadvisor.com/Hotel_Review-g298230-d1105895-Reviews-Hotel_Hanaya-Matsuyama_Ehime_Prefecture_Shikoku.html
Hotel Sanbancho,790-0003,Ehime Prefecture,2-7-7 Sanbancho Matsuyama,,$,http://www.tripadvisor.com/Hotel_Review-g298230-d1105912-Reviews-Hotel_Sanbancho-Matsuyama_Ehime_Prefecture_Shikoku.html
Hotel Fukuzuru,790-0837,Ehime Prefecture,1-20 Dogoyuzukicho Matsuyama,,,http://www.tripadvisor.com/Hotel_Review-g298230-d1105919-Reviews-Hotel_Fukuzuru-Matsuyama_Ehime_Prefecture_Shikoku.html
Natsume Ryokan,790-0837,Ehime Prefecture,1-19 Dogoyuzukicho Matsuyama,,,http://www.tripadvisor.com/Hotel_Review-g298230-d1105935-Reviews-Natsume_Ryokan-Matsuyama_Ehime_Prefecture_Shikoku.html
Ehime Kyousai Kaikan,790-0003,Ehime Prefecture,5-13-1 Sanbancho Matsuyama,,,http://www.tripadvisor.com/Hotel_Review-g298230-d1112220-Reviews-Ehime_Kyousai_Kaikan-Matsuyama_Ehime_Prefecture_Shikoku.html
Oborozukiyo,790-0836 ,Ehime Prefecture,4-4 Dogo Sagidanicho Matsuyama,19,$$$$,http://www.tripadvisor.com/Hotel_Review-g298230-d1130167-Reviews-Oborozukiyo-Matsuyama_Ehime_Prefecture_Shikoku.html
Dogo Yasuragiso,790-0836　,Ehime Prefecture,434-3 Dogo Sagidanicho Matsuyama,,$,http://www.tripadvisor.com/Hotel_Review-g298230-d1130171-Reviews-Dogo_Yasuragiso-Matsuyama_Ehime_Prefecture_Shikoku.html
Tokiwaso,790-0837 ,Ehime Prefecture,4-2 Dogo Yuzukicho Matsuyama,,$,http://www.tripadvisor.com/Hotel_Review-g298230-d1130193-Reviews-Tokiwaso-Matsuyama_Ehime_Prefecture_Shikoku.html
Sendan,790-0852,Ehime Prefecture,1-3-28 Ishite Matsuyama,,$$$$,http://www.tripadvisor.com/Hotel_Review-g298230-d1130209-Reviews-Sendan-Matsuyama_Ehime_Prefecture_Shikoku.html
Sachiya,790-0842,Ehime Prefecture,13-3 Dogo Yunomachi Matsuyama,,$,http://www.tripadvisor.com/Hotel_Review-g298230-d1368498-Reviews-Sachiya-Matsuyama_Ehime_Prefecture_Shikoku.html
Dogo Yamanote Hotel,790-0836 ,Ehime Prefecture,1-13 Dogosagidanicho Matsuyama,70,$,http://www.tripadvisor.com/Hotel_Review-g298230-d1407914-Reviews-Dogo_Yamanote_Hotel-Matsuyama_Ehime_Prefecture_Shikoku.html
Ryoan Namiroku,790-0837,Ehime Prefecture,4-5 Dogoyuzukicho Matsuyama,,$$$,http://www.tripadvisor.com/Hotel_Review-g298230-d1498441-Reviews-Ryoan_Namiroku-Matsuyama_Ehime_Prefecture_Shikoku.html
Seisen Fontaine,799-2652,Ehime Prefecture,Ko1233-1 Fukuzumicho Matsuyama,,,http://www.tripadvisor.com/Hotel_Review-g298230-d1498543-Reviews-Seisen_Fontaine-Matsuyama_Ehime_Prefecture_Shikoku.html
Chateautel Matsuyama,790-0003,Ehime Prefecture,4-9-6 Sanbancho Matsuyama,,,http://www.tripadvisor.com/Hotel_Review-g298230-d1857497-Reviews-Chateautel_Matsuyama-Matsuyama_Ehime_Prefecture_Shikoku.html
Dogo Yurinso,790-0843,Ehime Prefecture,2-12-11 Dogomachi Matsuyama,,,http://www.tripadvisor.com/Hotel_Review-g298230-d1874752-Reviews-Dogo_Yurinso-Matsuyama_Ehime_Prefecture_Shikoku.html
Business Hotel Mont Blanc,790-0067,Ehime Prefecture,2-9-17 Otemachi Matsuyama,,,http://www.tripadvisor.com/Hotel_Review-g298230-d1874762-Reviews-Business_Hotel_Mont_Blanc-Matsuyama_Ehime_Prefecture_Shikoku.html
Hotel Dogo Yaya,790-0841,Ehime Prefecture,6-1 Dogotakocho Matsuyama,,$,http://www.tripadvisor.com/Hotel_Review-g298230-d1874875-Reviews-Hotel_Dogo_Yaya-Matsuyama_Ehime_Prefecture_Shikoku.html
Business Hitel Daiichi,790-0066,Ehime Prefecture,9-5 Miyatamachi Matsuyama,,$,http://www.tripadvisor.com/Hotel_Review-g298230-d1874911-Reviews-Business_Hitel_Daiichi-Matsuyama_Ehime_Prefecture_Shikoku.html
Higashidogo no Soratomori,790-0924,Ehime Prefecture,3-1 Minami Kumemachi Matsuyama,,,http://www.tripadvisor.com/Hotel_Review-g298230-d1874937-Reviews-Higashidogo_no_Soratomori-Matsuyama_Ehime_Prefecture_Shikoku.html
Eco Dogo,790-0837,Ehime Prefecture,2-17 Dogoyuzukicho Matsuyama,,$,http://www.tripadvisor.com/Hotel_Review-g298230-d1876926-Reviews-Eco_Dogo-Matsuyama_Ehime_Prefecture_Shikoku.html
Seapa Makoto,799-2431,Ehime Prefecture,1180 Hojo Matsuyama,,$,http://www.tripadvisor.com/Hotel_Review-g298230-d1910288-Reviews-Seapa_Makoto-Matsuyama_Ehime_Prefecture_Shikoku.html
Hotel Costa,799-2407,Ehime Prefecture,1377-2 Ko Shimonanba Matsuyama,,,http://www.tripadvisor.com/Hotel_Review-g298230-d1910290-Reviews-Hotel_Costa-Matsuyama_Ehime_Prefecture_Shikoku.html
Takusenso,791-0122,Ehime Prefecture,"300-1, Suemachi Matsuyama",,,http://www.tripadvisor.com/Hotel_Review-g298230-d2238888-Reviews-Takusenso-Matsuyama_Ehime_Prefecture_Shikoku.html
Fujiya Guest House,790-0843,Ehime Prefecture,1-7-33 ogomachi Matsuyama,,,http://www.tripadvisor.com/Hotel_Review-g298230-d2465964-Reviews-Fujiya_Guest_House-Matsuyama_Ehime_Prefecture_Shikoku.html
Sen Guesthouse,790-0841,Ehime Prefecture,4-14 Dogotakocho Matsuyama,7,$,http://www.tripadvisor.com/Hotel_Review-g298230-d2517855-Reviews-Sen_Guesthouse-Matsuyama_Ehime_Prefecture_Shikoku.html
Hotel Aoki,793-0030,Ehime Prefecture,802-18 Omachi Saijo,,$,http://www.tripadvisor.com/Hotel_Review-g1022354-d1073302-Reviews-Hotel_Aoki-Saijo_Ehime_Prefecture_Shikoku.html
Hotel Horaire Saijo,793-0030,Ehime Prefecture,798-9 Omachi Saijo,,$,http://www.tripadvisor.com/Hotel_Review-g1022354-d1073306-Reviews-Hotel_Horaire_Saijo-Saijo_Ehime_Prefecture_Shikoku.html
Saijo Kokusai Hotel,793-0030,Ehime Prefecture,771-1 Omachi Saijo,,$,http://www.tripadvisor.com/Hotel_Review-g1022354-d1073309-Reviews-Saijo_Kokusai_Hotel-Saijo_Ehime_Prefecture_Shikoku.html
Terminal Toyo Hotel,799-1353,Ehime Prefecture,6-29 Mitsuyaminami Saijo,,$,http://www.tripadvisor.com/Hotel_Review-g1022354-d1073314-Reviews-Terminal_Toyo_Hotel-Saijo_Ehime_Prefecture_Shikoku.html
Saijo Station Hotel,793-0030,Ehime Prefecture,798 Omachi Saijo,,$,http://www.tripadvisor.com/Hotel_Review-g1022354-d1073315-Reviews-Saijo_Station_Hotel-Saijo_Ehime_Prefecture_Shikoku.html
Business Hotel Sanukiya,793-0030,Ehime Prefecture,808 Omachi Saijo,,$,http://www.tripadvisor.com/Hotel_Review-g1022354-d1082994-Reviews-Business_Hotel_Sanukiya-Saijo_Ehime_Prefecture_Shikoku.html
Hotel Tamanoya,793-0030,Ehime Prefecture,802-10 Omachi Saijo,,$,http://www.tripadvisor.com/Hotel_Review-g1022354-d1082995-Reviews-Hotel_Tamanoya-Saijo_Ehime_Prefecture_Shikoku.html
Hotel Route Inn Saijo,793-0028,Ehime Prefecture,191-1 Sinden Kita Shinden Saijo,,$,http://www.tripadvisor.com/Hotel_Review-g1022354-d1082996-Reviews-Hotel_Route_Inn_Saijo-Saijo_Ehime_Prefecture_Shikoku.html
Saijo Urban Hotel,793-0030,Ehime Prefecture,800-3 Omachi Saijo,88,$,http://www.tripadvisor.com/Hotel_Review-g1022354-d1083001-Reviews-Saijo_Urban_Hotel-Saijo_Ehime_Prefecture_Shikoku.html
Hotel Eleven,793-0054,Ehime Prefecture,468-1 Nakanoko Saijo,,,http://www.tripadvisor.com/Hotel_Review-g1022354-d1093386-Reviews-Hotel_Eleven-Saijo_Ehime_Prefecture_Shikoku.html
Hotel Touyo,799-1353,Ehime Prefecture,6-22 Mitsuyaminami Saijo,,$,http://www.tripadvisor.com/Hotel_Review-g1022354-d1093389-Reviews-Hotel_Touyo-Saijo_Ehime_Prefecture_Shikoku.html
Hotel Universe,799-1353,Ehime Prefecture,6-15 Mitsuyaminami Saijo,,$,http://www.tripadvisor.com/Hotel_Review-g1022354-d1093394-Reviews-Hotel_Universe-Saijo_Ehime_Prefecture_Shikoku.html
Business Hotel Iseya,799-1354,Ehime Prefecture,1589-3 Hojo Saijo,,,http://www.tripadvisor.com/Hotel_Review-g1022354-d1093397-Reviews-Business_Hotel_Iseya-Saijo_Ehime_Prefecture_Shikoku.html
Hotel Hiuchi Tsudoi,793-0003,Ehime Prefecture,1-16 Hiuchi Saijo,,,http://www.tripadvisor.com/Hotel_Review-g1022354-d1106315-Reviews-Hotel_Hiuchi_Tsudoi-Saijo_Ehime_Prefecture_Shikoku.html
Central Hotel Ehimeken Nishijoshi,793-0030,Ehime Prefecture,845-7 Omachi Saijo,,,http://www.tripadvisor.com/Hotel_Review-g1022354-d1106332-Reviews-Central_Hotel_Ehimeken_Nishijoshi-Saijo_Ehime_Prefecture_Shikoku.html
Business Station Akayane,793-0027,Ehime Prefecture,533-1 Tsuitachi Saijo,,$,http://www.tripadvisor.com/Hotel_Review-g1022354-d1106341-Reviews-Business_Station_Akayane-Saijo_Ehime_Prefecture_Shikoku.html
Hinodeya Ryokan,799-1112,Ehime Prefecture,417 Komatsuchoishizuchi Saijo,,,http://www.tripadvisor.com/Hotel_Review-g1022354-d1106346-Reviews-Hinodeya_Ryokan-Saijo_Ehime_Prefecture_Shikoku.html
Shikokuya,799-1107,Ehime Prefecture,Ko 50 Akao Komatsucho Saijo,,$,http://www.tripadvisor.com/Hotel_Review-g1022354-d1106350-Reviews-Shikokuya-Saijo_Ehime_Prefecture_Shikoku.html
Kyukakura Setouchi Toyo,799-1303,Ehime Prefecture,Otsu 7-179 Kawarazu Saijo,,$,http://www.tripadvisor.com/Hotel_Review-g1022354-d1106352-Reviews-Kyukakura_Setouchi_Toyo-Saijo_Ehime_Prefecture_Shikoku.html
Kyoya,793-0215,Ehime Prefecture,106 Nishinokawa Saijo,,,http://www.tripadvisor.com/Hotel_Review-g1022354-d1601181-Reviews-Kyoya-Saijo_Ehime_Prefecture_Shikoku.html
Pacific Hotel,793-0027,Ehime Prefecture,753-22 Tsuitachi Funamoto Saijo,,,http://www.tripadvisor.com/Hotel_Review-g1022354-d1876179-Reviews-Pacific_Hotel-Saijo_Ehime_Prefecture_Shikoku.html
Yunotani Onsen,793-0053,Ehime Prefecture,1193 Sunouchiko Saijo,10,$$,http://www.tripadvisor.com/Hotel_Review-g1022354-d3325498-Reviews-Yunotani_Onsen-Saijo_Ehime_Prefecture_Shikoku.html
Mezuruso,791-1802,Ehime Prefecture,8109 Kumakogencho Nishidani Kumakogen-cho,,,http://www.tripadvisor.com/Hotel_Review-g1121435-d1130059-Reviews-Mezuruso-Kumakogen_cho_Kamiukena_gun_Ehime_Prefecture_Shikoku.html
Tsuchikoya Shiraishi lodge,791-1200,Ehime Prefecture,Tschikoya Kumakogen-cho,,,http://www.tripadvisor.com/Hotel_Review-g1121435-d1857493-Reviews-Tsuchikoya_Shiraishi_lodge-Kumakogen_cho_Kamiukena_gun_Ehime_Prefecture_Shikoku.html
Furuiwayaso,791-1213,Ehime Prefecture,1636 Naose Kumakogen-cho,,$,http://www.tripadvisor.com/Hotel_Review-g1121435-d1876009-Reviews-Furuiwayaso-Kumakogen_cho_Kamiukena_gun_Ehime_Prefecture_Shikoku.html
Kokuminshukusha Omogo,791-1710,Ehime Prefecture,21-1251 Wakayama Kumakogen-cho,,,http://www.tripadvisor.com/Hotel_Review-g1121435-d1876041-Reviews-Kokuminshukusha_Omogo-Kumakogen_cho_Kamiukena_gun_Ehime_Prefecture_Shikoku.html
Kokuminshukusha Ishiduchi,791-1710,Ehime Prefecture,Wakayama Kumakogen-cho,,,http://www.tripadvisor.com/Hotel_Review-g1121435-d2526925-Reviews-Kokuminshukusha_Ishiduchi-Kumakogen_cho_Kamiukena_gun_Ehime_Prefecture_Shikoku.html
Yasuragino Yado Denko,791-1202,Ehime Prefecture,1363-1 Irino Kumakogen-cho,,$,http://www.tripadvisor.com/Hotel_Review-g1121435-d4341048-Reviews-Yasuragino_Yado_Denko-Kumakogen_cho_Kamiukena_gun_Ehime_Prefecture_Shikoku.html
Clement Uwajima Hotel,798-0034,Ehime Prefecture,10-1 Nishiki-Cho Uwajima,82,$,http://www.tripadvisor.com/Hotel_Review-g608510-d487504-Reviews-Clement_Uwajima_Hotel-Uwajima_Ehime_Prefecture_Shikoku.html
Hotel Coral Uwajima,798-0003,Ehime Prefecture,7-10 Sumiyoshicho 2-chome Uwajima,,$,http://www.tripadvisor.com/Hotel_Review-g608510-d1073328-Reviews-Hotel_Coral_Uwajima-Uwajima_Ehime_Prefecture_Shikoku.html
Tsukigase,798-0013,Ehime Prefecture,1-5-20 Miyukimachi Uwajima,,,http://www.tripadvisor.com/Hotel_Review-g608510-d1073335-Reviews-Tsukigase-Uwajima_Ehime_Prefecture_Shikoku.html
Uwajima Grand Hotel,798-0034,Ehime Prefecture,2-3 Nishikimachi Uwajima,,$,http://www.tripadvisor.com/Hotel_Review-g608510-d1073355-Reviews-Uwajima_Grand_Hotel-Uwajima_Ehime_Prefecture_Shikoku.html
Uwajima Kokusai Hotel,798-0034,Ehime Prefecture,4-1 Nishikimachi Uwajima,,$$,http://www.tripadvisor.com/Hotel_Review-g608510-d1073416-Reviews-Uwajima_Kokusai_Hotel-Uwajima_Ehime_Prefecture_Shikoku.html
Uwajima Oriental Hotel,798-0033,Ehime Prefecture,6-10 Tsurushimacho Uwajima,,$,http://www.tripadvisor.com/Hotel_Review-g608510-d1073418-Reviews-Uwajima_Oriental_Hotel-Uwajima_Ehime_Prefecture_Shikoku.html
Uwajima Regent Hotel,798-0060,Ehime Prefecture,1-2-24 Marunochi Uwajima,,$,http://www.tripadvisor.com/Hotel_Review-g608510-d1073420-Reviews-Uwajima_Regent_Hotel-Uwajima_Ehime_Prefecture_Shikoku.html
Uwajima Terninal Hotel,798-0036,Ehime Prefecture,3-22 Tenjinmachi Uwajima,38,$,http://www.tripadvisor.com/Hotel_Review-g608510-d1073424-Reviews-Uwajima_Terninal_Hotel-Uwajima_Ehime_Prefecture_Shikoku.html
Uwajima Daiichi Hotel,798-0040,Ehime Prefecture,1-3-9 Chuocho Uwajima,,$,http://www.tripadvisor.com/Hotel_Review-g608510-d1082837-Reviews-Uwajima_Daiichi_Hotel-Uwajima_Ehime_Prefecture_Shikoku.html
Uwajima Youth Hostel,798-0045,Ehime Prefecture,166-11 Daichojioku Hinoe Uwajima,,$,http://www.tripadvisor.com/Hotel_Review-g608510-d1082844-Reviews-Uwajima_Youth_Hostel-Uwajima_Ehime_Prefecture_Shikoku.html
Hotel Kotobuki,798-0007,Ehime Prefecture,2-1-10 Kotobukicho Uwajima,,$,http://www.tripadvisor.com/Hotel_Review-g608510-d1082848-Reviews-Hotel_Kotobuki-Uwajima_Ehime_Prefecture_Shikoku.html
Cure Hotel,798-0020,Ehime Prefecture,1-435-1 Takagushi Uwajima,72,$,http://www.tripadvisor.com/Hotel_Review-g608510-d1106453-Reviews-Cure_Hotel-Uwajima_Ehime_Prefecture_Shikoku.html
Minshuku Daikatumaru,798-0103,Ehime Prefecture,2696 Yusu Uwajima,,,http://www.tripadvisor.com/Hotel_Review-g608510-d1106458-Reviews-Minshuku_Daikatumaru-Uwajima_Ehime_Prefecture_Shikoku.html
Yoshinoya,798-3301,Ehime Prefecture,495-1 Iwamatsu Tsushimacho Uwajima,,$,http://www.tripadvisor.com/Hotel_Review-g608510-d1106461-Reviews-Yoshinoya-Uwajima_Ehime_Prefecture_Shikoku.html
Minshuku Danbata Sanoya,798-0103,Ehime Prefecture,Yusu Uwajima,,,http://www.tripadvisor.com/Hotel_Review-g608510-d1876918-Reviews-Minshuku_Danbata_Sanoya-Uwajima_Ehime_Prefecture_Shikoku.html
Ozu Plaza Hotel,795-0064,Ehime Prefecture,1341 Higashi Ozu Ozu,,$,http://www.tripadvisor.com/Hotel_Review-g1022355-d1082836-Reviews-Ozu_Plaza_Hotel-Ozu_Ehime_Prefecture_Shikoku.html
Hotel Togiya,795-0012,Ehime Prefecture,2 Ozu Ozu,,,http://www.tripadvisor.com/Hotel_Review-g1022355-d1093184-Reviews-Hotel_Togiya-Ozu_Ehime_Prefecture_Shikoku.html
Hotel Ota,795-0063,Ehime Prefecture,36-4 Taguchi Ozu,46,$,http://www.tripadvisor.com/Hotel_Review-g1022355-d1106147-Reviews-Hotel_Ota-Ozu_Ehime_Prefecture_Shikoku.html
Business Hotel Daiichi,795-0012,Ehime Prefecture,645 Ozu Ozu,,,http://www.tripadvisor.com/Hotel_Review-g1022355-d1106170-Reviews-Business_Hotel_Daiichi-Ozu_Ehime_Prefecture_Shikoku.html
Furusato No Yado,797-1606,Ehime Prefecture,134 Mishima Kawabe-cho Ozu,,$,http://www.tripadvisor.com/Hotel_Review-g1022355-d1106178-Reviews-Furusato_No_Yado-Ozu_Ehime_Prefecture_Shikoku.html
Kanogawaso,797-1503,Ehime Prefecture,588-1 uwagawa Hijikawa-cho Ozu,,$,http://www.tripadvisor.com/Hotel_Review-g1022355-d1106191-Reviews-Kanogawaso-Ozu_Ehime_Prefecture_Shikoku.html
Amagonosato,797-1608,Ehime Prefecture,4293 Kitahira_Kawabecho Ozu,,,http://www.tripadvisor.com/Hotel_Review-g1022355-d1106208-Reviews-Amagonosato-Ozu_Ehime_Prefecture_Shikoku.html
Hotel West River Nishikawa,795-0063,Ehime Prefecture,392-6 Tanokuchi Ozu,,,http://www.tripadvisor.com/Hotel_Review-g1022355-d1106248-Reviews-Hotel_West_River_Nishikawa-Ozu_Ehime_Prefecture_Shikoku.html
Ozu Kyodokan Youth Hostel,795-0012,Ehime Prefecture,886-1 Ozu Ozu,,,http://www.tripadvisor.com/Hotel_Review-g1022355-d1146258-Reviews-Ozu_Kyodokan_Youth_Hostel-Ozu_Ehime_Prefecture_Shikoku.html
Wataroku Ryokan,795-0041,Ehime Prefecture,101 Hatakicho Ozu,,,http://www.tripadvisor.com/Hotel_Review-g1022355-d1876189-Reviews-Wataroku_Ryokan-Ozu_Ehime_Prefecture_Shikoku.html
Koyabu Onsen,797-1503,Ehime Prefecture,1433-1 Hijikawacho Uwagawa Ozu,,$,http://www.tripadvisor.com/Hotel_Review-g1022355-d1916381-Reviews-Koyabu_Onsen-Ozu_Ehime_Prefecture_Shikoku.html
Shoraku Ryokan,795-0012,Ehime Prefecture,727-2 Osu Ozu,,$,http://www.tripadvisor.com/Hotel_Review-g1022355-d5020775-Reviews-Shoraku_Ryokan-Ozu_Ehime_Prefecture_Shikoku.html
Akarinoyado,791-2205,Ehime Prefecture,117 Sozu Tobe-cho,,,http://www.tripadvisor.com/Hotel_Review-g1121437-d1876922-Reviews-Akarinoyado-Tobe_cho_Iyo_gun_Ehime_Prefecture_Shikoku.html
Teiregikan,791-2113,Ehime Prefecture,92-2 Jitsucho Tobe-cho,,$,http://www.tripadvisor.com/Hotel_Review-g1121437-d2258738-Reviews-Teiregikan-Tobe_cho_Iyo_gun_Ehime_Prefecture_Shikoku.html
Rihga Royal Hotel Niihama,792-0007,Ehime Prefecture,6-9 Maeda-cho Niihama,94,$,http://www.tripadvisor.com/Hotel_Review-g1022350-d302384-Reviews-Rihga_Royal_Hotel_Niihama-Niihama_Ehime_Prefecture_Shikoku.html
Business Hotel MISORA,792-0823,Ehime Prefecture,18-12 Toyamacho Niihama,,$,http://www.tripadvisor.com/Hotel_Review-g1022350-d1073279-Reviews-Business_Hotel_MISORA-Niihama_Ehime_Prefecture_Shikoku.html
Hotel Alpha-1 Niihama,792-0026,Ehime Prefecture,3-2-5 Kubotacho Niihama,,$,http://www.tripadvisor.com/Hotel_Review-g1022350-d1073283-Reviews-Hotel_Alpha_1_Niihama-Niihama_Ehime_Prefecture_Shikoku.html
Hotel Route Inn Niihama,792-0026,Ehime Prefecture,3-2-1 Kubotacho Niihama,,$,http://www.tripadvisor.com/Hotel_Review-g1022350-d1073286-Reviews-Hotel_Route_Inn_Niihama-Niihama_Ehime_Prefecture_Shikoku.html
New Grand Hotel,792-0013,Ehime Prefecture,9-19 Izumiikecho Niihama,,$,http://www.tripadvisor.com/Hotel_Review-g1022350-d1073289-Reviews-New_Grand_Hotel-Niihama_Ehime_Prefecture_Shikoku.html
Business Hotel Niihama,792-0812,Ehime Prefecture,2-4-21 Sakaicho Niihama,,,http://www.tripadvisor.com/Hotel_Review-g1022350-d1073299-Reviews-Business_Hotel_Niihama-Niihama_Ehime_Prefecture_Shikoku.html
Hotel Niihama Hills,792-0016,Ehime Prefecture,5-11 Minatomachi Niihama,,$,http://www.tripadvisor.com/Hotel_Review-g1022350-d1082876-Reviews-Hotel_Niihama_Hills-Niihama_Ehime_Prefecture_Shikoku.html
Super Hotel Niihama,793-0031,Ehime Prefecture,3-7 Takagi-cho Niihama,,$,http://www.tripadvisor.com/Hotel_Review-g1022350-d1082881-Reviews-Super_Hotel_Niihama-Niihama_Ehime_Prefecture_Shikoku.html
Business Hotel Yanagiya,792-0011,Ehime Prefecture,2-4-26 Nishibaracho Niihama,,$,http://www.tripadvisor.com/Hotel_Review-g1022350-d1082890-Reviews-Business_Hotel_Yanagiya-Niihama_Ehime_Prefecture_Shikoku.html
Business Hotel Shizuka,792-0021,Ehime Prefecture,2-30 Izumimiyacho Niihama,,,http://www.tripadvisor.com/Hotel_Review-g1022350-d1107086-Reviews-Business_Hotel_Shizuka-Niihama_Ehime_Prefecture_Shikoku.html
Shizuka Ryokan,792-0022,Ehime Prefecture,6-18 Tokutsunecho Niihama,,,http://www.tripadvisor.com/Hotel_Review-g1022350-d1107088-Reviews-Shizuka_Ryokan-Niihama_Ehime_Prefecture_Shikoku.html
Kiyonoya Ryokan,792-0032,Ehime Prefecture,2-6-38 Masaedacho Niihama,,,http://www.tripadvisor.com/Hotel_Review-g1022350-d1876071-Reviews-Kiyonoya_Ryokan-Niihama_Ehime_Prefecture_Shikoku.html
Besshiso,792-0812,Ehime Prefecture,2-6-26 Sakaicho Niihama,,,http://www.tripadvisor.com/Hotel_Review-g1022350-d1876089-Reviews-Besshiso-Niihama_Ehime_Prefecture_Shikoku.html
Auberge Yuragi,799-0650,Ehime Prefecture,122 Besshiyama Niihama,,$,http://www.tripadvisor.com/Hotel_Review-g1022350-d2529219-Reviews-Auberge_Yuragi-Niihama_Ehime_Prefecture_Shikoku.html
Daikokuya Ryokan,792-0021,Ehime Prefecture,9-32 Izumimiyacho Niihama,,$,http://www.tripadvisor.com/Hotel_Review-g1022350-d3186656-Reviews-Daikokuya_Ryokan-Niihama_Ehime_Prefecture_Shikoku.html
Imabari Kokusai Hotel,794-8522　,Ehime Prefecture,2-3-4 Asahi-machi Imabari,248,$$,http://www.tripadvisor.com/Hotel_Review-g1022356-d1066595-Reviews-Imabari_Kokusai_Hotel-Imabari_Ehime_Prefecture_Shikoku.html
Hotel Ajuor,799-1525,Ehime Prefecture,30 Yunoura Imabari,,$$,http://www.tripadvisor.com/Hotel_Review-g1022356-d1072807-Reviews-Hotel_Ajuor-Imabari_Ehime_Prefecture_Shikoku.html
Hotel kikusui Imabari,794-0016,Ehime Prefecture,1-2-5 Nakabamacho Imabari,57,$,http://www.tripadvisor.com/Hotel_Review-g1022356-d1072808-Reviews-Hotel_kikusui_Imabari-Imabari_Ehime_Prefecture_Shikoku.html
Hotel Bari Inn,794-0840,Ehime Prefecture,239-1 Nakadera Imabari,,$,http://www.tripadvisor.com/Hotel_Review-g1022356-d1072809-Reviews-Hotel_Bari_Inn-Imabari_Ehime_Prefecture_Shikoku.html
Hotel Crown Hills Imabari,794-0028,Ehime Prefecture,1-5-9 Kitahoraicho Imabari,,$,http://www.tripadvisor.com/Hotel_Review-g1022356-d1072810-Reviews-Hotel_Crown_Hills_Imabari-Imabari_Ehime_Prefecture_Shikoku.html
Imabari Urban Hotel,794-0028,Ehime Prefecture,1-3-2 Kitahoraicho Imabari,120,$,http://www.tripadvisor.com/Hotel_Review-g1022356-d1072812-Reviews-Imabari_Urban_Hotel-Imabari_Ehime_Prefecture_Shikoku.html
Imabari Plaza Hotel,794-0026,Ehime Prefecture,1-3-5 Betsukucho Imabari,,$,http://www.tripadvisor.com/Hotel_Review-g1022356-d1072815-Reviews-Imabari_Plaza_Hotel-Imabari_Ehime_Prefecture_Shikoku.html
Imabari Station Hotel,794-0028,Ehime Prefecture,2-2-23 Kitahoraicho Imabari,,$,http://www.tripadvisor.com/Hotel_Review-g1022356-d1072816-Reviews-Imabari_Station_Hotel-Imabari_Ehime_Prefecture_Shikoku.html
Nibukawa Onsen Hotel,794-0121,Ehime Prefecture,"276 Nibukawako, Tamagawa-cho Imabari",,$,http://www.tripadvisor.com/Hotel_Review-g1022356-d1072817-Reviews-Nibukawa_Onsen_Hotel-Imabari_Ehime_Prefecture_Shikoku.html
Fujimien,794-1402,Ehime Prefecture,5733 Kamiuracho Inokuchi Imabari,,$$,http://www.tripadvisor.com/Hotel_Review-g1022356-d1083002-Reviews-Fujimien-Imabari_Ehime_Prefecture_Shikoku.html
Komecho Ryokan,794-0015,Ehime Prefecture,1-1-4 Tokiwacho Imabari,,$,http://www.tripadvisor.com/Hotel_Review-g1022356-d1083003-Reviews-Komecho_Ryokan-Imabari_Ehime_Prefecture_Shikoku.html
Uzushio Inn,794-2301,Ehime Prefecture,1563-5 Hakatacho Arouzu Imabari,,$,http://www.tripadvisor.com/Hotel_Review-g1022356-d1083004-Reviews-Uzushio_Inn-Imabari_Ehime_Prefecture_Shikoku.html
Sarasaya Ryokan,794-2305,Ehime Prefecture,3430-8 Hakata-cho Kinoura Imabari,,$,http://www.tripadvisor.com/Hotel_Review-g1022356-d1083262-Reviews-Sarasaya_Ryokan-Imabari_Ehime_Prefecture_Shikoku.html
Chaume,794-1304,Ehime Prefecture,5467 Omishima-cho Miyaura Imabari,,$$$,http://www.tripadvisor.com/Hotel_Review-g1022356-d1083342-Reviews-Chaume-Imabari_Ehime_Prefecture_Shikoku.html
Sawaki,794-1304,Ehime Prefecture,5460 Omishima-cho Miyaura Imabari,,$$$,http://www.tripadvisor.com/Hotel_Review-g1022356-d1083346-Reviews-Sawaki-Imabari_Ehime_Prefecture_Shikoku.html
Hotel Portside Imabari,794-0036,Ehime Prefecture,1-4-7 Touricho Imabari,,$,http://www.tripadvisor.com/Hotel_Review-g1022356-d1083350-Reviews-Hotel_Portside_Imabari-Imabari_Ehime_Prefecture_Shikoku.html
Hotel Hichifuku,794-0013,Ehime Prefecture,2-1-21 Katahara-cho Imabari,,$,http://www.tripadvisor.com/Hotel_Review-g1022356-d1083353-Reviews-Hotel_Hichifuku-Imabari_Ehime_Prefecture_Shikoku.html
Kadoya,794-0121,Ehime Prefecture,"280 Ko Nibukawa, Tamagawa-cho Imabari",,$,http://www.tripadvisor.com/Hotel_Review-g1022356-d1083377-Reviews-Kadoya-Imabari_Ehime_Prefecture_Shikoku.html
Mikado,794-0121 ,Ehime Prefecture,773-1 Tamagawa-cho Nibukawa Kanoe Imabari,,$$,http://www.tripadvisor.com/Hotel_Review-g1022356-d1083381-Reviews-Mikado-Imabari_Ehime_Prefecture_Shikoku.html
Nonbiriya,794-2204,Ehime Prefecture,85-1 Miyakubo-cho Tomoura Imabari,,$$,http://www.tripadvisor.com/Hotel_Review-g1022356-d1083385-Reviews-Nonbiriya-Imabari_Ehime_Prefecture_Shikoku.html
Sikoku Grand Hotel,794-0042,Ehime Prefecture,1-4-10 Asahimachi Imabari,,,http://www.tripadvisor.com/Hotel_Review-g1022356-d1093402-Reviews-Sikoku_Grand_Hotel-Imabari_Ehime_Prefecture_Shikoku.html
Hotel Tachibana,799-1525,Ehime Prefecture,33-1 Yunoura Imabari,,,http://www.tripadvisor.com/Hotel_Review-g1022356-d1093406-Reviews-Hotel_Tachibana-Imabari_Ehime_Prefecture_Shikoku.html
Keio Hotel,799-1525,Ehime Prefecture,15 Yunora Imabari,,$$,http://www.tripadvisor.com/Hotel_Review-g1022356-d1093415-Reviews-Keio_Hotel-Imabari_Ehime_Prefecture_Shikoku.html
Hotel Fukutei,794-0028,Ehime Prefecture,1-5-6 Kitahoraicho Imabari,,$,http://www.tripadvisor.com/Hotel_Review-g1022356-d1093418-Reviews-Hotel_Fukutei-Imabari_Ehime_Prefecture_Shikoku.html
Minshuku Kaburagi,794-2203,Ehime Prefecture,2872-4 Miyakubochomiyakubo Imabari,,$,http://www.tripadvisor.com/Hotel_Review-g1022356-d1105965-Reviews-Minshuku_Kaburagi-Imabari_Ehime_Prefecture_Shikoku.html
Minshuku Karibu,794-1402,Ehime Prefecture,5732 Kamiurachoinokuchi Imabari,,,http://www.tripadvisor.com/Hotel_Review-g1022356-d1105977-Reviews-Minshuku_Karibu-Imabari_Ehime_Prefecture_Shikoku.html
Shimanami Ryokan,794-2303,Ehime Prefecture,Ko 1817-4 Hakatachoikata Imabari,,$,http://www.tripadvisor.com/Hotel_Review-g1022356-d1105997-Reviews-Shimanami_Ryokan-Imabari_Ehime_Prefecture_Shikoku.html
Business Hotel Baruma,794-0042,Ehime Prefecture,2-2-5 Asahimachi Imabari,,,http://www.tripadvisor.com/Hotel_Review-g1022356-d1106008-Reviews-Business_Hotel_Baruma-Imabari_Ehime_Prefecture_Shikoku.html
Osakiya Ryokan,794-0028,Ehime Prefecture,1-5-18 Kitahoraicho Imabari,,,http://www.tripadvisor.com/Hotel_Review-g1022356-d1106016-Reviews-Osakiya_Ryokan-Imabari_Ehime_Prefecture_Shikoku.html
Setouchisou,794-2110,Ehime Prefecture,20 Yoshiumichoyawata Imabari,,$,http://www.tripadvisor.com/Hotel_Review-g1022356-d1106032-Reviews-Setouchisou-Imabari_Ehime_Prefecture_Shikoku.html
Imabari Yunoura Heights,799-1525,Ehime Prefecture,23 Yunora Imabari,,$,http://www.tripadvisor.com/Hotel_Review-g1022356-d1106091-Reviews-Imabari_Yunoura_Heights-Imabari_Ehime_Prefecture_Shikoku.html
Daichoso,799-2111,Ehime Prefecture,2-5-1 Koracho Imabari,,$$,http://www.tripadvisor.com/Hotel_Review-g1022356-d1106466-Reviews-Daichoso-Imabari_Ehime_Prefecture_Shikoku.html
Sunrise Itoyama,794-0001,Ehime Prefecture,Sunabacho Imabari,,,http://www.tripadvisor.com/Hotel_Review-g1022356-d1379008-Reviews-Sunrise_Itoyama-Imabari_Ehime_Prefecture_Shikoku.html
Minshuku Oshokujidokoro Uoyoshi,794-2203,Ehime Prefecture,2828 Miyakubocho Miyakubo Imabari,,$,http://www.tripadvisor.com/Hotel_Review-g1022356-d1497567-Reviews-Minshuku_Oshokujidokoro_Uoyoshi-Imabari_Ehime_Prefecture_Shikoku.html
Miroir Village,794-1301 ,Ehime Prefecture,"4762-1 Higai, Omishima-cho Imabari",,,http://www.tripadvisor.com/Hotel_Review-g1022356-d1599970-Reviews-Miroir_Village-Imabari_Ehime_Prefecture_Shikoku.html
Minshuku Nagoma,794-2116,Ehime Prefecture,155-3 Nagoma Yoshiumicho Imabari,,,http://www.tripadvisor.com/Hotel_Review-g1022356-d1718686-Reviews-Minshuku_Nagoma-Imabari_Ehime_Prefecture_Shikoku.html
Minshuku Nagisa,794-1402,Ehime Prefecture,5600 Inokuchi Kamiuracho Imabari,,,http://www.tripadvisor.com/Hotel_Review-g1022356-d1766621-Reviews-Minshuku_Nagisa-Imabari_Ehime_Prefecture_Shikoku.html
Sennenmatsu,794-2116,Ehime Prefecture,25 Nagoma Yoshiumicho Imabari,,,http://www.tripadvisor.com/Hotel_Review-g1022356-d1790076-Reviews-Sennenmatsu-Imabari_Ehime_Prefecture_Shikoku.html
Kotobukiso,794-2302,Ehime Prefecture,Ko-741 Hakatacho Kanora Imabari,,,http://www.tripadvisor.com/Hotel_Review-g1022356-d1876191-Reviews-Kotobukiso-Imabari_Ehime_Prefecture_Shikoku.html
Business Hotel Tsuyoshi,799-2205,Ehime Prefecture,Ko-448 Onishicho Miyawaki Imabari,,,http://www.tripadvisor.com/Hotel_Review-g1022356-d1876645-Reviews-Business_Hotel_Tsuyoshi-Imabari_Ehime_Prefecture_Shikoku.html
Kairakuso,794-0121,Ehime Prefecture,Ko-283 Tamagawacho Nibukawa Imabari,,$,http://www.tripadvisor.com/Hotel_Review-g1022356-d1876648-Reviews-Kairakuso-Imabari_Ehime_Prefecture_Shikoku.html
Miharashi,799-2123,Ehime Prefecture,Ko-1006 Umashima Imabari,,,http://www.tripadvisor.com/Hotel_Review-g1022356-d1876704-Reviews-Miharashi-Imabari_Ehime_Prefecture_Shikoku.html
Business Ryokan Shofuku,794-0017,Ehime Prefecture,2-1-16 Kazahayacho Imabari,,$,http://www.tripadvisor.com/Hotel_Review-g1022356-d1876710-Reviews-Business_Ryokan_Shofuku-Imabari_Ehime_Prefecture_Shikoku.html
Minshuku Sadame,794-2104,Ehime Prefecture,99 Yoshiumichonie Imabari,,,http://www.tripadvisor.com/Hotel_Review-g1022356-d2489703-Reviews-Minshuku_Sadame-Imabari_Ehime_Prefecture_Shikoku.html
Senyu-ji Temple,794-0113,Ehime Prefecture,"Ko-483 Bessho, Tamagawacho Imabari",,,http://www.tripadvisor.com/Hotel_Review-g1022356-d6475611-Reviews-Senyu_ji_Temple-Imabari_Ehime_Prefecture_Shikoku.html
Cyclo no ie,794-0028,Ehime Prefecture,1-1-12 Kitahoraicho Imabari,,$$$$,http://www.tripadvisor.com/Hotel_Review-g1022356-d6899416-Reviews-Cyclo_no_ie-Imabari_Ehime_Prefecture_Shikoku.html
Ryuoso,795-0301,Ehime Prefecture,1524 Ikazaki Uchiko-cho,,,http://www.tripadvisor.com/Hotel_Review-g1121438-d1130071-Reviews-Ryuoso-Uchiko_cho_Kita_gun_Ehime_Prefecture_Shikoku.html
Pension Stellar Mira,791-3341,Ehime Prefecture,898 Ronden Uchiko-cho,,$,http://www.tripadvisor.com/Hotel_Review-g1121438-d1130079-Reviews-Pension_Stellar_Mira-Uchiko_cho_Kita_gun_Ehime_Prefecture_Shikoku.html
Log Tachiyama,791-3331 ,Ehime Prefecture,3925 Tachiyama Uchiko-cho,,$,http://www.tripadvisor.com/Hotel_Review-g1121438-d1130089-Reviews-Log_Tachiyama-Uchiko_cho_Kita_gun_Ehime_Prefecture_Shikoku.html
Matsunoya,791-3301 ,Ehime Prefecture,1913 Uchiko Uchiko-cho,,$$,http://www.tripadvisor.com/Hotel_Review-g1121438-d1130092-Reviews-Matsunoya-Uchiko_cho_Kita_gun_Ehime_Prefecture_Shikoku.html
Sanso Yamaoka,795-0301,Ehime Prefecture,1528 Ikazaki Uchiko-cho,,$,http://www.tripadvisor.com/Hotel_Review-g1121438-d1130099-Reviews-Sanso_Yamaoka-Uchiko_cho_Kita_gun_Ehime_Prefecture_Shikoku.html
Green Tourism Satoyama,791-3321,Ehime Prefecture,2366 Kawanaka Uchiko-cho,,$,http://www.tripadvisor.com/Hotel_Review-g1121438-d1498423-Reviews-Green_Tourism_Satoyama-Uchiko_cho_Kita_gun_Ehime_Prefecture_Shikoku.html
Yamagara,791-3521,Ehime Prefecture,4013 Hongawa Uchiko-cho,,,http://www.tripadvisor.com/Hotel_Review-g1121438-d1876919-Reviews-Yamagara-Uchiko_cho_Kita_gun_Ehime_Prefecture_Shikoku.html
Odamiyamaso,791-3524,Ehime Prefecture,Odamiyama Uchiko-cho,,$,http://www.tripadvisor.com/Hotel_Review-g1121438-d1876920-Reviews-Odamiyamaso-Uchiko_cho_Kita_gun_Ehime_Prefecture_Shikoku.html
Machiya besso Kokoro,791-3301,Ehime Prefecture,1949 Uchiko Uchiko-cho,,$,http://www.tripadvisor.com/Hotel_Review-g1121438-d1925350-Reviews-Machiya_besso_Kokoro-Uchiko_cho_Kita_gun_Ehime_Prefecture_Shikoku.html
Augerge Uchiko,795-0301,Ehime Prefecture,485_2 Otsu Ikazaki Uchiko-cho,,$$$$,http://www.tripadvisor.com/Hotel_Review-g1121438-d2166020-Reviews-Augerge_Uchiko-Uchiko_cho_Kita_gun_Ehime_Prefecture_Shikoku.html
Tsukinoya,791-3301,Ehime Prefecture,2646 Uchiko Uchiko-cho,,,http://www.tripadvisor.com/Hotel_Review-g1121438-d2614806-Reviews-Tsukinoya-Uchiko_cho_Kita_gun_Ehime_Prefecture_Shikoku.html
Kawanoe Business Hotel,799-0101,Ehime Prefecture,4062-15 Kawanoe-cho Shikokuchuo,,$,http://www.tripadvisor.com/Hotel_Review-g1022351-d1073319-Reviews-Kawanoe_Business_Hotel-Shikokuchuo_Ehime_Prefecture_Shikoku.html
Business Green Hotel,799-0101,Ehime Prefecture,1902-1 Kawanoe-cho Shikokuchuo,,,http://www.tripadvisor.com/Hotel_Review-g1022351-d1093359-Reviews-Business_Green_Hotel-Shikokuchuo_Ehime_Prefecture_Shikoku.html
Prince Hotel Sugigen,799-0101,Ehime Prefecture,1760 Kawanoe-cho Shikokuchuo,,,http://www.tripadvisor.com/Hotel_Review-g1022351-d1093362-Reviews-Prince_Hotel_Sugigen-Shikokuchuo_Ehime_Prefecture_Shikoku.html
Matsuya Ryokan Ehimeken Shikoku Chuoshi,799-0701,Ehime Prefecture,1127 Nakamura Doi-cho Shikokuchuo,,$,http://www.tripadvisor.com/Hotel_Review-g1022351-d1107063-Reviews-Matsuya_Ryokan_Ehimeken_Shikoku_Chuoshi-Shikokuchuo_Ehime_Prefecture_Shikoku.html
Business Hotel ROCO,799-0101,Ehime Prefecture,4066 Kawanoe-cho Shikokuchuo,,$,http://www.tripadvisor.com/Hotel_Review-g1022351-d1107069-Reviews-Business_Hotel_ROCO-Shikokuchuo_Ehime_Prefecture_Shikoku.html
Ryokan Tsuruya Iyomishima,799-0405,Ehime Prefecture,4-9-22 Mishimachuo Shikokuchuo,,$,http://www.tripadvisor.com/Hotel_Review-g1022351-d1107073-Reviews-Ryokan_Tsuruya_Iyomishima-Shikokuchuo_Ehime_Prefecture_Shikoku.html
Tutanoya,799-0711,Ehime Prefecture,48 Doi Doicho Shikokuchuo,,$,http://www.tripadvisor.com/Hotel_Review-g1022351-d1107075-Reviews-Tutanoya-Shikokuchuo_Ehime_Prefecture_Shikoku.html
Hotel Grandforet,799-0403,Ehime Prefecture,1-1-30 Mishima Asahi Shikokuchuo,,$,http://www.tripadvisor.com/Hotel_Review-g1022351-d1130031-Reviews-Hotel_Grandforet-Shikokuchuo_Ehime_Prefecture_Shikoku.html
Business Ryokan Kyogoku,799-0412,Ehime Prefecture,7-3 Kamigashiwacho Shikokuchuo,,,http://www.tripadvisor.com/Hotel_Review-g1022351-d1497541-Reviews-Business_Ryokan_Kyogoku-Shikokuchuo_Ehime_Prefecture_Shikoku.html
Sakamotoya Ryokan,799-0101,Ehime Prefecture,1118 Kawanoecho Shikokuchuo,,$,http://www.tripadvisor.com/Hotel_Review-g1022351-d1497546-Reviews-Sakamotoya_Ryokan-Shikokuchuo_Ehime_Prefecture_Shikoku.html
Hotel Livemax Iyo-Mishima,799-0405,Ehime Prefecture,3-14-5 Mishima Chuo Shikokuchuo,,$,http://www.tripadvisor.com/Hotel_Review-g1022351-d1497552-Reviews-Hotel_Livemax_Iyo_Mishima-Shikokuchuo_Ehime_Prefecture_Shikoku.html
Busainess Hotel Mild,799-0403,Ehime Prefecture,3-1-12 Mishima Asahi Shikokuchuo,,$,http://www.tripadvisor.com/Hotel_Review-g1022351-d1876118-Reviews-Busainess_Hotel_Mild-Shikokuchuo_Ehime_Prefecture_Shikoku.html
Super Hotel Shikokuchuo,799-0411,Ehime Prefecture,852-1 Shimo-gashiwamachi Shikokuchuo,,$,http://www.tripadvisor.com/Hotel_Review-g1022351-d2663014-Reviews-Super_Hotel_Shikokuchuo-Shikokuchuo_Ehime_Prefecture_Shikoku.html
Kirinomri Cottage,799-0301,Ehime Prefecture,4491-1 Shingucho Umatate Shikokuchuo,,$$,http://www.tripadvisor.com/Hotel_Review-g1022351-d4341862-Reviews-Kirinomri_Cottage-Shikokuchuo_Ehime_Prefecture_Shikoku.html
Youth Hostel Shin Hasedera,799-0431,Ehime Prefecture,3214 Sangawacho Shikokuchuo,,,http://www.tripadvisor.com/Hotel_Review-g1022351-d6023732-Reviews-Youth_Hostel_Shin_Hasedera-Shikokuchuo_Ehime_Prefecture_Shikoku.html
Harbor Plaza Hotel,796-0075,Ehime Prefecture,360-1 Nakanomachi Yawatahama,,$,http://www.tripadvisor.com/Hotel_Review-g1022358-d1073434-Reviews-Harbor_Plaza_Hotel-Yawatahama_Ehime_Prefecture_Shikoku.html
Business Hotel Yamaki,796-0202,Ehime Prefecture,1-248 Honai-cho Miyauchi Yawatahama,,,http://www.tripadvisor.com/Hotel_Review-g1022358-d1082821-Reviews-Business_Hotel_Yamaki-Yawatahama_Ehime_Prefecture_Shikoku.html
Yawatahata Centry Hotel Itoh,796-0085,Ehime Prefecture,1-1460-7 Tenjindori Yawatahama,,$,http://www.tripadvisor.com/Hotel_Review-g1022358-d1106381-Reviews-Yawatahata_Centry_Hotel_Itoh-Yawatahama_Ehime_Prefecture_Shikoku.html
Hotel Hasho,796-0010,Ehime Prefecture,821-6 Matsukaya Yawatahama,,,http://www.tripadvisor.com/Hotel_Review-g1022358-d1106399-Reviews-Hotel_Hasho-Yawatahama_Ehime_Prefecture_Shikoku.html
Kasenoki,796-8041,Ehime Prefecture,1933-1 Goda Yawatahama,,$$,http://www.tripadvisor.com/Hotel_Review-g1022358-d1864050-Reviews-Kasenoki-Yawatahama_Ehime_Prefecture_Shikoku.html
Super Hotel Yawatahama,796-0076,Ehime Prefecture,1460-123 Chiyodamachi Yawatahama,86,$,http://www.tripadvisor.com/Hotel_Review-g1022358-d1916383-Reviews-Super_Hotel_Yawatahama-Yawatahama_Ehime_Prefecture_Shikoku.html
Ebisuya Ryokan,796-0801 ,Ehime Prefecture,1514-1 Misaki Ikata-cho,10,$$,http://www.tripadvisor.com/Hotel_Review-g1121439-d1130111-Reviews-Ebisuya_Ryokan-Ikata_cho_Nishiuwa_gun_Ehime_Prefecture_Shikoku.html
Minshuku Oiwa,796-0823,Ehime Prefecture,26 Shono Ikata-cho,,,http://www.tripadvisor.com/Hotel_Review-g1121439-d1498430-Reviews-Minshuku_Oiwa-Ikata_cho_Nishiuwa_gun_Ehime_Prefecture_Shikoku.html
Kanazawa Rypkan,796-0823,Ehime Prefecture,33-2 Shono Ikata-cho,,,http://www.tripadvisor.com/Hotel_Review-g1121439-d1876925-Reviews-Kanazawa_Rypkan-Ikata_cho_Nishiuwa_gun_Ehime_Prefecture_Shikoku.html
Sugiyama Ryokan,796-0801,Ehime Prefecture,2069 Misaki Ikata-cho,,$,http://www.tripadvisor.com/Hotel_Review-g1121439-d6665619-Reviews-Sugiyama_Ryokan-Ikata_cho_Nishiuwa_gun_Ehime_Prefecture_Shikoku.html
Seaside Uwakai,796-0915,Ehime Prefecture,24-2 Mikamecho Shimodomari Seiyo,,,http://www.tripadvisor.com/Hotel_Review-g1022352-d1093363-Reviews-Seaside_Uwakai-Seiyo_Ehime_Prefecture_Shikoku.html
Uwa Park,797-0046,Ehime Prefecture,325 Kamimatsuba_Uwacho Seiyo,,,http://www.tripadvisor.com/Hotel_Review-g1022352-d1106355-Reviews-Uwa_Park-Seiyo_Ehime_Prefecture_Shikoku.html
Daini Business Hotel Matsuya,797-0015,Ehime Prefecture,4-706 Unomachi Uwacho Seiyo,,,http://www.tripadvisor.com/Hotel_Review-g1022352-d1106357-Reviews-Daini_Business_Hotel_Matsuya-Seiyo_Ehime_Prefecture_Shikoku.html
Matsuchiya Ryokan,797-0015,Ehime Prefecture,"3-324 Uno-machi, Uwa-cho Seiyo",,,http://www.tripadvisor.com/Hotel_Review-g1022352-d1106360-Reviews-Matsuchiya_Ryokan-Seiyo_Ehime_Prefecture_Shikoku.html
Matsuya Ryokan Ehimeken Seiyoshi,797-0015,Ehime Prefecture,3-218 Uwacho Unomachi Seiyo,,,http://www.tripadvisor.com/Hotel_Review-g1022352-d1106374-Reviews-Matsuya_Ryokan_Ehimeken_Seiyoshi-Seiyo_Ehime_Prefecture_Shikoku.html
Mikame Honkan,796-0907,Ehime Prefecture,"1-548-2 Asadatsu, Mikame-cho Seiyo",,$,http://www.tripadvisor.com/Hotel_Review-g1022352-d1130038-Reviews-Mikame_Honkan-Seiyo_Ehime_Prefecture_Shikoku.html
Daiichi Business Hotel Matsuya,797-0015,Ehime Prefecture,3chome Uwacho Unomachi Seiyo,,$,http://www.tripadvisor.com/Hotel_Review-g1022352-d1863055-Reviews-Daiichi_Business_Hotel_Matsuya-Seiyo_Ehime_Prefecture_Shikoku.html
Fujinoya Ryokan,797-0015,Ehime Prefecture,3-318 Uwachou nomachi Seiyo,,,http://www.tripadvisor.com/Hotel_Review-g1022352-d1876134-Reviews-Fujinoya_Ryokan-Seiyo_Ehime_Prefecture_Shikoku.html
Hosenbo Lodge,797-1705,Ehime Prefecture,46 Shirokawacho Takanoko Seiyo,,,http://www.tripadvisor.com/Hotel_Review-g1022352-d2032744-Reviews-Hosenbo_Lodge-Seiyo_Ehime_Prefecture_Shikoku.html
Welpia Iyo,799-3105,Ehime Prefecture,1761-1 Shimomitani Iyo,,$,http://www.tripadvisor.com/Hotel_Review-g1022359-d1106412-Reviews-Welpia_Iyo-Iyo_Ehime_Prefecture_Shikoku.html
Hananomori Hotel,791-3206,Ehime Prefecture,"11-405-2 Nakayama, Nakayama-cho Iyo",18,$$,http://www.tripadvisor.com/Hotel_Review-g1022359-d1106446-Reviews-Hananomori_Hotel-Iyo_Ehime_Prefecture_Shikoku.html
Iyo Prince Hotel,799-3114,Ehime Prefecture,16 Nadamachi Iyo,,,http://www.tripadvisor.com/Hotel_Review-g1022359-d1876917-Reviews-Iyo_Prince_Hotel-Iyo_Ehime_Prefecture_Shikoku.html
Mori no Kuni Hotel,798-2106,Ehime Prefecture,Oaza Meguro Matsuno-cho,,$$$,http://www.tripadvisor.com/Hotel_Review-g1121440-d1130137-Reviews-Mori_no_Kuni_Hotel-Matsuno_cho_Kitauwa_gun_Ehime_Prefecture_Shikoku.html
Yumotoso,798-1352,Ehime Prefecture,1331 Nara Kihoku-cho,,,http://www.tripadvisor.com/Hotel_Review-g1121441-d1876923-Reviews-Yumotoso-Kihoku_cho_Kitauwa_gun_Ehime_Prefecture_Shikoku.html
Narukawa Valley Kyuyo Center,798-1352,Ehime Prefecture,Nara Aza Nara Okutyama Kokuyurin Kihoku-cho,,$,http://www.tripadvisor.com/Hotel_Review-g1121441-d4341796-Reviews-Narukawa_Valley_Kyuyo_Center-Kihoku_cho_Kitauwa_gun_Ehime_Prefecture_Shikoku.html
Business Hotel Shigenobu,791-0204,Ehime Prefecture,160-3 Shitsukawa Toon,,$,http://www.tripadvisor.com/Hotel_Review-g1022353-d1073324-Reviews-Business_Hotel_Shigenobu-Toon_Ehime_Prefecture_Shikoku.html
Riraku,791-0211,Ehime Prefecture,1110 Minara Toon,,$,http://www.tripadvisor.com/Hotel_Review-g1022353-d1129843-Reviews-Riraku-Toon_Ehime_Prefecture_Shikoku.html
Minshuku Yoshimasa,799-2410,Ehime Prefecture,1540 Iwagi Kamijima-cho,,$,http://www.tripadvisor.com/Hotel_Review-g1121434-d1130048-Reviews-Minshuku_Yoshimasa-Kamijima_cho_Ochi_gun_Ehime_Prefecture_Shikoku.html
Fespa,794-2511 ,Ehime Prefecture,287 Yugehibi Kamijima-cho,,$$,http://www.tripadvisor.com/Hotel_Review-g1121434-d1130051-Reviews-Fespa-Kamijima_cho_Ochi_gun_Ehime_Prefecture_Shikoku.html
Vila Kazenooyo,794-2530,Ehime Prefecture,44 Yugetoshima Kamijima-cho,,,http://www.tripadvisor.com/Hotel_Review-g1121434-d1165904-Reviews-Vila_Kazenooyo-Kamijima_cho_Ochi_gun_Ehime_Prefecture_Shikoku.html
Toyoshima Community Center,794-2530,Ehime Prefecture,46 Yugetoyoshima Kamijima-cho,,,http://www.tripadvisor.com/Hotel_Review-g1121434-d1497574-Reviews-Toyoshima_Community_Center-Kamijima_cho_Ochi_gun_Ehime_Prefecture_Shikoku.html
Hotel Select Inn Ehime Ainancho,798-4406 ,Ehime Prefecture,3367-1 Hiromi Ainan-cho,,$,http://www.tripadvisor.com/Hotel_Review-g1121442-d1130149-Reviews-Hotel_Select_Inn_Ehime_Ainancho-Ainan_cho_Minamiuwa_gun_Ehime_Prefecture_Shikoku.html
Hotel Sun Pearl,798-4110,Ehime Prefecture,681 Mishohirajo Ainan-cho,,$,http://www.tripadvisor.com/Hotel_Review-g1121442-d1170551-Reviews-Hotel_Sun_Pearl-Ainan_cho_Minamiuwa_gun_Ehime_Prefecture_Shikoku.html
Seaside Toraya,798-4205,Ehime Prefecture,1600 Funakoshi Ainan-cho,,,http://www.tripadvisor.com/Hotel_Review-g1121442-d1498433-Reviews-Seaside_Toraya-Ainan_cho_Minamiuwa_gun_Ehime_Prefecture_Shikoku.html
Aoikuni Hotel,798-4110,Ehime Prefecture,3929-3 Mishohirajo Ainan-cho,,$,http://www.tripadvisor.com/Hotel_Review-g1121442-d1498437-Reviews-Aoikuni_Hotel-Ainan_cho_Minamiuwa_gun_Ehime_Prefecture_Shikoku.html
Gyokusui Ryokan,798-4131,Ehime Prefecture,1906 Johenko Ainan-cho,,,http://www.tripadvisor.com/Hotel_Review-g1121442-d1498438-Reviews-Gyokusui_Ryokan-Ainan_cho_Minamiuwa_gun_Ehime_Prefecture_Shikoku.html
Minshuku Ishigakiso,798-4208,Ehime Prefecture,303 Sotodomari Ainan-cho,,,http://www.tripadvisor.com/Hotel_Review-g1121442-d1857489-Reviews-Minshuku_Ishigakiso-Ainan_cho_Minamiuwa_gun_Ehime_Prefecture_Shikoku.html
Minshuku Beach,798-4101 ,Ehime Prefecture,3951 Mishokikukawa Ainan-cho,,,http://www.tripadvisor.com/Hotel_Review-g1121442-d2035959-Reviews-Minshuku_Beach-Ainan_cho_Minamiuwa_gun_Ehime_Prefecture_Shikoku.html
Yamashiroya Ryokan,798-4110,Ehime Prefecture,2270 Mishohirajo Ainan-cho,,$,http://www.tripadvisor.com/Hotel_Review-g1121442-d2070274-Reviews-Yamashiroya_Ryokan-Ainan_cho_Minamiuwa_gun_Ehime_Prefecture_Shikoku.html
Akebonoso,798-4402,Ehime Prefecture,5470 Masuda Ainan-cho,,$,http://www.tripadvisor.com/Hotel_Review-g1121442-d2304058-Reviews-Akebonoso-Ainan_cho_Minamiuwa_gun_Ehime_Prefecture_Shikoku.html
